First Name,Last Name,Title,Company,Profile URL,Team Page
Our,Team,The Leaders Strategy™,GTCR,https://www.gtcr.com/,https://www.gtcr.com/team/
Our,Team,The Leaders Strategy™,GTCR,https://www.gtcr.com/,https://www.gtcr.com/team/
Our,Team,The Leaders Strategy™,GTCR,https://www.gtcr.com/,https://www.gtcr.com/team/
Our,Team,,GTCR,https://www.gtcr.com/team/,https://www.gtcr.com/team/
The,Leaders Strategy™,,GTCR,https://www.gtcr.com/the-leaders-strategy/,https://www.gtcr.com/team/
LP,Login,,GTCR,https://icx.efrontcloud.com/gtcr,https://www.gtcr.com/team/
Our,Team,Directory,GTCR,https://www.gtcr.com/team/mark-m-anderson/,https://www.gtcr.com/team/
Our,Team,Directory,GTCR,,https://www.gtcr.com/team/
Mark,M. Anderson,"Managing Director, Head of Technology, Media & Telecommunications",GTCR,https://www.gtcr.com/team/mark-m-anderson/,https://www.gtcr.com/team/
Mark,M. Anderson,"Managing Director, Head of Technology, Media & Telecommunications",GTCR,https://www.gtcr.com/team/mark-m-anderson/,https://www.gtcr.com/team/
Mark,M. Anderson,"Managing Director, Head of Technology, Media & Telecommunications",GTCR,https://www.gtcr.com/team/mark-m-anderson/,https://www.gtcr.com/team/
Mark,M. Anderson,"Managing Director, Head of Technology, Media & Telecommunications",GTCR,,https://www.gtcr.com/team/
Mark,M. Anderson,,GTCR,,https://www.gtcr.com/team/
Managing,"Director, Head of Technology, Media & Telecommunications",,GTCR,,https://www.gtcr.com/team/
Ryan,Beauchamp,Managing Director,GTCR,https://www.gtcr.com/team/ryan-beauchamp/,https://www.gtcr.com/team/
Ryan,Beauchamp,Managing Director,GTCR,,https://www.gtcr.com/team/
Ryan,Beauchamp,,GTCR,,https://www.gtcr.com/team/
Managing,Director,,GTCR,,https://www.gtcr.com/team/
Jim,Bonetti,"Managing Director, Head of Capital Markets",GTCR,https://www.gtcr.com/team/jim-bonetti/,https://www.gtcr.com/team/
Jim,Bonetti,"Managing Director, Head of Capital Markets",GTCR,,https://www.gtcr.com/team/
Jim,Bonetti,,GTCR,,https://www.gtcr.com/team/
Managing,"Director, Head of Capital Markets",,GTCR,,https://www.gtcr.com/team/
Aaron,D. Cohen,"Managing Director, Head of Financial Services & Technology",GTCR,https://www.gtcr.com/team/aaron-d-cohen/,https://www.gtcr.com/team/
Aaron,D. Cohen,"Managing Director, Head of Financial Services & Technology",GTCR,,https://www.gtcr.com/team/
Aaron,D. Cohen,,GTCR,,https://www.gtcr.com/team/
Managing,"Director, Head of Financial Services & Technology",,GTCR,,https://www.gtcr.com/team/
Sean,L. Cunningham,"Managing Director, Head of Healthcare",GTCR,https://www.gtcr.com/team/sean-l-cunningham/,https://www.gtcr.com/team/
Sean,L. Cunningham,"Managing Director, Head of Healthcare",GTCR,,https://www.gtcr.com/team/
Sean,L. Cunningham,,GTCR,,https://www.gtcr.com/team/
Managing,"Director, Head of Healthcare",,GTCR,,https://www.gtcr.com/team/
David,A. Donnini,"Managing Director, Head of Business & Consumer Services",GTCR,https://www.gtcr.com/team/david-a-donnini/,https://www.gtcr.com/team/
David,A. Donnini,"Managing Director, Head of Business & Consumer Services",GTCR,,https://www.gtcr.com/team/
David,A. Donnini,,GTCR,,https://www.gtcr.com/team/
Managing,"Director, Head of Business & Consumer Services",,GTCR,,https://www.gtcr.com/team/
Tom,Ehrhart,Managing Director,GTCR,https://www.gtcr.com/team/tom-ehrhart/,https://www.gtcr.com/team/
Tom,Ehrhart,Managing Director,GTCR,,https://www.gtcr.com/team/
Tom,Ehrhart,,GTCR,,https://www.gtcr.com/team/
Managing,Director,,GTCR,,https://www.gtcr.com/team/
Jeffrey,B. Heh,Managing Director,GTCR,https://www.gtcr.com/team/jeffrey-b-heh/,https://www.gtcr.com/team/
Jeffrey,B. Heh,Managing Director,GTCR,,https://www.gtcr.com/team/
Jeffrey,B. Heh,,GTCR,,https://www.gtcr.com/team/
Managing,Director,,GTCR,,https://www.gtcr.com/team/
Michael,S. Hollander,Managing Director,GTCR,https://www.gtcr.com/team/michael-s-hollander/,https://www.gtcr.com/team/
Michael,S. Hollander,Managing Director,GTCR,,https://www.gtcr.com/team/
Michael,S. Hollander,,GTCR,,https://www.gtcr.com/team/
Managing,Director,,GTCR,,https://www.gtcr.com/team/
Stephen,J. Jeschke,Managing Director,GTCR,https://www.gtcr.com/team/stephen-j-jeschke/,https://www.gtcr.com/team/
Stephen,J. Jeschke,Managing Director,GTCR,,https://www.gtcr.com/team/
Stephen,J. Jeschke,,GTCR,,https://www.gtcr.com/team/
Managing,Director,,GTCR,,https://www.gtcr.com/team/
John,D. Kos,Managing Director,GTCR,https://www.gtcr.com/team/john-d-kos/,https://www.gtcr.com/team/
John,D. Kos,Managing Director,GTCR,,https://www.gtcr.com/team/
John,D. Kos,,GTCR,,https://www.gtcr.com/team/
Managing,Director,,GTCR,,https://www.gtcr.com/team/
Travis,J. Krueger,Managing Director,GTCR,https://www.gtcr.com/team/travis-j-krueger/,https://www.gtcr.com/team/
Travis,J. Krueger,Managing Director,GTCR,,https://www.gtcr.com/team/
Travis,J. Krueger,,GTCR,,https://www.gtcr.com/team/
Managing,Director,,GTCR,,https://www.gtcr.com/team/
Luke,Marker,Managing Director,GTCR,https://www.gtcr.com/team/luke-marker/,https://www.gtcr.com/team/
Luke,Marker,Managing Director,GTCR,,https://www.gtcr.com/team/
Luke,Marker,,GTCR,,https://www.gtcr.com/team/
Managing,Director,,GTCR,,https://www.gtcr.com/team/
Stephen,P. Master,Managing Director,GTCR,https://www.gtcr.com/team/stephen-p-master/,https://www.gtcr.com/team/
Stephen,P. Master,Managing Director,GTCR,,https://www.gtcr.com/team/
Stephen,P. Master,,GTCR,,https://www.gtcr.com/team/
Managing,Director,,GTCR,,https://www.gtcr.com/team/
KJ,McConnell,Managing Director,GTCR,https://www.gtcr.com/team/kj-mcconnell/,https://www.gtcr.com/team/
KJ,McConnell,Managing Director,GTCR,,https://www.gtcr.com/team/
KJ,McConnell,,GTCR,,https://www.gtcr.com/team/
Managing,Director,,GTCR,,https://www.gtcr.com/team/
Don,McDonough,"Managing Director, Business Development",GTCR,https://www.gtcr.com/team/don-mcdonough/,https://www.gtcr.com/team/
Don,McDonough,"Managing Director, Business Development",GTCR,,https://www.gtcr.com/team/
Don,McDonough,,GTCR,,https://www.gtcr.com/team/
Managing,"Director, Business Development",,GTCR,,https://www.gtcr.com/team/
Constantine,S. Mihas,Co-CEO and Managing Director,GTCR,https://www.gtcr.com/team/constantine-s-mihas/,https://www.gtcr.com/team/
Constantine,S. Mihas,Co-CEO and Managing Director,GTCR,,https://www.gtcr.com/team/
Constantine,S. Mihas,,GTCR,,https://www.gtcr.com/team/
Co-CEO,and Managing Director,,GTCR,,https://www.gtcr.com/team/
Jason,Prager,Managing Director,GTCR,https://www.gtcr.com/team/jason-prager/,https://www.gtcr.com/team/
Jason,Prager,Managing Director,GTCR,,https://www.gtcr.com/team/
Jason,Prager,,GTCR,,https://www.gtcr.com/team/
Managing,Director,,GTCR,,https://www.gtcr.com/team/
Collin,E. Roche,Co-CEO and Managing Director,GTCR,https://www.gtcr.com/team/collin-e-roche/,https://www.gtcr.com/team/
Collin,E. Roche,Co-CEO and Managing Director,GTCR,,https://www.gtcr.com/team/
Collin,E. Roche,,GTCR,,https://www.gtcr.com/team/
Co-CEO,and Managing Director,,GTCR,,https://www.gtcr.com/team/
Jodi,Rubenstein,"Managing Director, Investor Relations",GTCR,https://www.gtcr.com/team/jodi-rubenstein/,https://www.gtcr.com/team/
Jodi,Rubenstein,"Managing Director, Investor Relations",GTCR,,https://www.gtcr.com/team/
Jodi,Rubenstein,,GTCR,,https://www.gtcr.com/team/
Managing,"Director, Investor Relations",,GTCR,,https://www.gtcr.com/team/
Joe,Rubino,Chief Information Security Officer and Managing Director,GTCR,https://www.gtcr.com/team/joe-rubino/,https://www.gtcr.com/team/
Joe,Rubino,Chief Information Security Officer and Managing Director,GTCR,,https://www.gtcr.com/team/
Joe,Rubino,,GTCR,,https://www.gtcr.com/team/
Chief,Information Security Officer and Managing Director,,GTCR,,https://www.gtcr.com/team/
Andrew,Sagat,Managing Director,GTCR,https://www.gtcr.com/team/andrew-sagat/,https://www.gtcr.com/team/
Andrew,Sagat,Managing Director,GTCR,,https://www.gtcr.com/team/
Andrew,Sagat,,GTCR,,https://www.gtcr.com/team/
Managing,Director,,GTCR,,https://www.gtcr.com/team/
Mark,A. Springer,"Managing Director, Chief Accounting Officer",GTCR,https://www.gtcr.com/team/mark-a-springer/,https://www.gtcr.com/team/
Mark,A. Springer,"Managing Director, Chief Accounting Officer",GTCR,,https://www.gtcr.com/team/
Mark,A. Springer,,GTCR,,https://www.gtcr.com/team/
Managing,"Director, Chief Accounting Officer",,GTCR,,https://www.gtcr.com/team/
Peg,Sullivan,Chief Human Resources Officer,GTCR,https://www.gtcr.com/team/peg-sullivan/,https://www.gtcr.com/team/
Peg,Sullivan,Chief Human Resources Officer,GTCR,,https://www.gtcr.com/team/
Peg,Sullivan,,GTCR,,https://www.gtcr.com/team/
Chief,Human Resources Officer,,GTCR,,https://www.gtcr.com/team/
Anna,May L. Trala,Chief Financial Officer and Managing Director,GTCR,https://www.gtcr.com/team/anna-may-l-trala/,https://www.gtcr.com/team/
Anna,May L. Trala,Chief Financial Officer and Managing Director,GTCR,,https://www.gtcr.com/team/
Anna,May L. Trala,,GTCR,,https://www.gtcr.com/team/
Chief,Financial Officer and Managing Director,,GTCR,,https://www.gtcr.com/team/
Jeffrey,S. Wright,"Managing Director, Chief Legal Officer and Chief Compliance Officer",GTCR,https://www.gtcr.com/team/jeffrey-s-wright/,https://www.gtcr.com/team/
Jeffrey,S. Wright,"Managing Director, Chief Legal Officer and Chief Compliance Officer",GTCR,,https://www.gtcr.com/team/
Jeffrey,S. Wright,,GTCR,,https://www.gtcr.com/team/
Managing,"Director, Chief Legal Officer and Chief Compliance Officer",,GTCR,,https://www.gtcr.com/team/
Faraz,Ahmed,Principal and Head of Information Technology,GTCR,https://www.gtcr.com/team/faraz-ahmed/,https://www.gtcr.com/team/
About,Madison Dearborn,,Madison Dearborn Partners,https://www.mdcp.com/about,https://www.mdcp.com/about/engaged-partners
Founded,in Partnership,,Madison Dearborn Partners,https://www.mdcp.com/about/engaged-partners,https://www.mdcp.com/about/engaged-partners
MDP,in the Community,,Madison Dearborn Partners,https://www.mdcp.com/about/giving-back,https://www.mdcp.com/about/engaged-partners
Responsible,Investing,,Madison Dearborn Partners,https://www.mdcp.com/about/responsible-investing,https://www.mdcp.com/about/engaged-partners
All,Sectors,,Madison Dearborn Partners,https://www.mdcp.com/sectors,https://www.mdcp.com/about/engaged-partners
Basic,Industries,,Madison Dearborn Partners,https://www.mdcp.com/sectors/basic-industries,https://www.mdcp.com/about/engaged-partners
Financial,Services,,Madison Dearborn Partners,https://www.mdcp.com/sectors/financial-transaction-services,https://www.mdcp.com/about/engaged-partners
Technology,& Government,,Madison Dearborn Partners,https://www.mdcp.com/sectors/technology-government,https://www.mdcp.com/about/engaged-partners
Partner,Login,,Madison Dearborn Partners,https://services.sungarddx.com,https://www.mdcp.com/about/engaged-partners
Terms,of Use,,Madison Dearborn Partners,https://www.mdcp.com/terms-of-use,https://www.mdcp.com/about/engaged-partners
Privacy,Policy,,Madison Dearborn Partners,https://www.mdcp.com/privacy,https://www.mdcp.com/about/engaged-partners
Founded,In Partnership,A strong belief in a partnership approach is at the center of our business philosophy.,Madison Dearborn Partners,,https://www.mdcp.com/about/engaged-partners
Our,"partnership approach has served us well over decades of investing, and we believe it distinguishes us as a partner of choice for many first-class management teams looking to transform, grow or improve their businesses.",Founded as One Team,Madison Dearborn Partners,,https://www.mdcp.com/about/engaged-partners
Our,"partnership approach has served us well over decades of investing, and we believe it distinguishes us as a partner of choice for many first-class management teams looking to transform, grow or improve their businesses.",,Madison Dearborn Partners,,https://www.mdcp.com/about/engaged-partners
Our,"partnership approach has served us well over decades of investing, and we believe it distinguishes us as a partner of choice for many first-class management teams looking to transform, grow or improve their businesses.",,Madison Dearborn Partners,,https://www.mdcp.com/about/engaged-partners
Founded,as One Team,"The MDP team consists of over 50 investment professionals. MDP’s 21 Managing Directors have been at the firm for an average of 15 years, and many have worked together since the 1980s.",Madison Dearborn Partners,,https://www.mdcp.com/about/engaged-partners
Founded,as One Team,"The MDP team consists of over 50 investment professionals. MDP’s 21 Managing Directors have been at the firm for an average of 15 years, and many have worked together since the 1980s.",Madison Dearborn Partners,,https://www.mdcp.com/about/engaged-partners
Founded,as One Team,"The MDP team consists of over 50 investment professionals. MDP’s 21 Managing Directors have been at the firm for an average of 15 years, and many have worked together since the 1980s.",Madison Dearborn Partners,,https://www.mdcp.com/about/engaged-partners
Founded,as One Team,"The MDP team consists of over 50 investment professionals. MDP’s 21 Managing Directors have been at the firm for an average of 15 years, and many have worked together since the 1980s.",Madison Dearborn Partners,,https://www.mdcp.com/about/engaged-partners
Strongly,Aligned,"The MDP team is one of the largest investors in its current investment fund, strongly aligning our interests with those of our limited partners.",Madison Dearborn Partners,,https://www.mdcp.com/about/engaged-partners
Strongly,Aligned,"The MDP team is one of the largest investors in its current investment fund, strongly aligning our interests with those of our limited partners.",Madison Dearborn Partners,,https://www.mdcp.com/about/engaged-partners
Strongly,Aligned,"The MDP team is one of the largest investors in its current investment fund, strongly aligning our interests with those of our limited partners.",Madison Dearborn Partners,,https://www.mdcp.com/about/engaged-partners
Working,Together,"The long-shared tenure among many of the investment professionals, combined with the firm’s cohesive and inclusive decision making process, partnership approach and single office in Chicago, creates a distinctive culture which we believe has been a significant contributor to our success over the years.",Madison Dearborn Partners,,https://www.mdcp.com/about/engaged-partners
Working,Together,"The long-shared tenure among many of the investment professionals, combined with the firm’s cohesive and inclusive decision making process, partnership approach and single office in Chicago, creates a distinctive culture which we believe has been a significant contributor to our success over the years.",Madison Dearborn Partners,,https://www.mdcp.com/about/engaged-partners
Working,Together,"The long-shared tenure among many of the investment professionals, combined with the firm’s cohesive and inclusive decision making process, partnership approach and single office in Chicago, creates a distinctive culture which we believe has been a significant contributor to our success over the years.",Madison Dearborn Partners,,https://www.mdcp.com/about/engaged-partners
MDP,"develops a thesis around value creation in the early stages of reviewing a potential investment opportunity. Each investment has a bespoke path to value creation, but all incorporate examples of both strategic and operational initiatives.",Strategic Guidance,Madison Dearborn Partners,,https://www.mdcp.com/about/engaged-partners
MDP,"develops a thesis around value creation in the early stages of reviewing a potential investment opportunity. Each investment has a bespoke path to value creation, but all incorporate examples of both strategic and operational initiatives.",,Madison Dearborn Partners,,https://www.mdcp.com/about/engaged-partners
MDP,"develops a thesis around value creation in the early stages of reviewing a potential investment opportunity. Each investment has a bespoke path to value creation, but all incorporate examples of both strategic and operational initiatives.",,Madison Dearborn Partners,,https://www.mdcp.com/about/engaged-partners
Strategic,Guidance,Acquisitions,Madison Dearborn Partners,,https://www.mdcp.com/about/engaged-partners
Strategic,Guidance,Acquisitions,Madison Dearborn Partners,,https://www.mdcp.com/about/engaged-partners
Strategic,Guidance,Acquisitions,Madison Dearborn Partners,,https://www.mdcp.com/about/engaged-partners
Geographic,expansion,,Madison Dearborn Partners,,https://www.mdcp.com/about/engaged-partners
Industry,consolidation,,Madison Dearborn Partners,,https://www.mdcp.com/about/engaged-partners
Business,repositioning,,Madison Dearborn Partners,,https://www.mdcp.com/about/engaged-partners
Organic,growth initiatives,,Madison Dearborn Partners,,https://www.mdcp.com/about/engaged-partners
Shift,or broadening of product/service offerings,,Madison Dearborn Partners,,https://www.mdcp.com/about/engaged-partners
Operational,Initiatives,Sales force initiatives,Madison Dearborn Partners,,https://www.mdcp.com/about/engaged-partners
Operational,Initiatives,Sales force initiatives,Madison Dearborn Partners,,https://www.mdcp.com/about/engaged-partners
Operational,Initiatives,Sales force initiatives,Madison Dearborn Partners,,https://www.mdcp.com/about/engaged-partners
Sales,force initiatives,,Madison Dearborn Partners,,https://www.mdcp.com/about/engaged-partners
Productivity,improvements,,Madison Dearborn Partners,,https://www.mdcp.com/about/engaged-partners
Cost,management,,Madison Dearborn Partners,,https://www.mdcp.com/about/engaged-partners
Pricing,optimization,,Madison Dearborn Partners,,https://www.mdcp.com/about/engaged-partners
Capital,efficiency programs,,Madison Dearborn Partners,,https://www.mdcp.com/about/engaged-partners
Management,enhancement,,Madison Dearborn Partners,,https://www.mdcp.com/about/engaged-partners
"Finance,",reporting and budgeting enhancements,,Madison Dearborn Partners,,https://www.mdcp.com/about/engaged-partners
Dominic,J. Addesso,"Former President and CEO, Everest Re Group, Ltd.",Madison Dearborn Partners,,https://www.mdcp.com/about/engaged-partners
John,Amboian,"Chairman and CEO, Nuveen Investments",Madison Dearborn Partners,,https://www.mdcp.com/about/engaged-partners
William,Brodsky,"Chairman, Chicago Board Options Exchange (CBOE)",Madison Dearborn Partners,,https://www.mdcp.com/about/engaged-partners
Scott,Brown,"Former Chief Executive Officer, Sage Products",Madison Dearborn Partners,,https://www.mdcp.com/about/engaged-partners
Sloan,Cardy,"Former Chief Executive Officer, FinThrive",Madison Dearborn Partners,,https://www.mdcp.com/about/engaged-partners
Dennis,Chookaszian,"Former Chairman and CEO, CNA Insurance Companies",Madison Dearborn Partners,,https://www.mdcp.com/about/engaged-partners
Angela,Cinefro,"President, Ankura",Madison Dearborn Partners,,https://www.mdcp.com/about/engaged-partners
Kevin,Costello,"Former President, Ariba",Madison Dearborn Partners,,https://www.mdcp.com/about/engaged-partners
Kent,Davies,"Former President & Chief Operating Officer, PDI",Madison Dearborn Partners,,https://www.mdcp.com/about/engaged-partners
Robert,DeCresce,"M.D., Chairman of the Dept. of Pathology, Rush Medical College",Madison Dearborn Partners,,https://www.mdcp.com/about/engaged-partners
Jim,Denny,"Founder and former CEO, Navicure (Waystar)",Madison Dearborn Partners,,https://www.mdcp.com/about/engaged-partners
Shawn,DeSantis,"President & CEO, Nacavord Inc.",Madison Dearborn Partners,,https://www.mdcp.com/about/engaged-partners
Jim,Dugan,"Founder & Managing Partner, OCA Ventures",Madison Dearborn Partners,,https://www.mdcp.com/about/engaged-partners
Charles,Edelstein,"Former Co-CEO, Apollo Education Group",Madison Dearborn Partners,,https://www.mdcp.com/about/engaged-partners
Gerald,"""J.P."" Gallagher","President and CEO, Endeavor Health",Madison Dearborn Partners,,https://www.mdcp.com/about/engaged-partners
Robert,Giammarco,Chairman and CEO of The Amynta Group,Madison Dearborn Partners,,https://www.mdcp.com/about/engaged-partners
Chris,Giglio,"Former Chief Executive Officer, Aderant",Madison Dearborn Partners,,https://www.mdcp.com/about/engaged-partners
Steve,Guenthner,CEO of CareRing Health,Madison Dearborn Partners,,https://www.mdcp.com/about/engaged-partners
Nancy,Ham,"Former CEO, WebPT",Madison Dearborn Partners,,https://www.mdcp.com/about/engaged-partners
Steve,Hamman,"Former President, Blue Cross Blue Shield of Illinois",Madison Dearborn Partners,,https://www.mdcp.com/about/engaged-partners
Doug,Hammond,"Chairman and CEO, NFP",Madison Dearborn Partners,,https://www.mdcp.com/about/engaged-partners
Michael,Hyatt,"Co-Founder, BlueCat",Madison Dearborn Partners,,https://www.mdcp.com/about/engaged-partners
Joseph,Kampf,"Co-Founder, Chairman and CEO, CoVant",Madison Dearborn Partners,,https://www.mdcp.com/about/engaged-partners
Barry,Malkin,"CEO, Carnegie Learning",Madison Dearborn Partners,,https://www.mdcp.com/about/engaged-partners
Siddharth,Mehta,"Former CEO and President, TransUnion",Madison Dearborn Partners,,https://www.mdcp.com/about/engaged-partners
Martin,Mucci,"Chief Executive Officer, Paychex, Inc.",Madison Dearborn Partners,,https://www.mdcp.com/about/engaged-partners
Eileen,Murphy,Founder and former CEO - ThinkCERCA,Madison Dearborn Partners,,https://www.mdcp.com/about/engaged-partners
James,Prieur,"Former CEO, CNO Financial Group",Madison Dearborn Partners,,https://www.mdcp.com/about/engaged-partners
Brian,Raduenz,"Co-Founder & Chief Executive Officer, AEVEX Aerospace",Madison Dearborn Partners,,https://www.mdcp.com/about/engaged-partners
Kermit,S. Randa,"Former CEO, Syntellis & Kaufman Hall Software",Madison Dearborn Partners,,https://www.mdcp.com/about/engaged-partners
David,Ross,"CEO, The Ardonagh Group",Madison Dearborn Partners,,https://www.mdcp.com/about/engaged-partners
T.,Marshall Sadd,"Executive Chairman, Navacord Inc.",Madison Dearborn Partners,,https://www.mdcp.com/about/engaged-partners
Jai,Shekhawat,"Founder and former Chief Executive Officer, Fieldglass",Madison Dearborn Partners,,https://www.mdcp.com/about/engaged-partners
Mark,Thierer,"CEO, Waltz Health",Madison Dearborn Partners,,https://www.mdcp.com/about/engaged-partners
Brian,Thomas,"Co-Founder, President & CEO, Lightspeed Systems",Madison Dearborn Partners,,https://www.mdcp.com/about/engaged-partners
Frederick,Waddell,"Retired Chairman and Chief Executive Officer, Northern Trust",Madison Dearborn Partners,,https://www.mdcp.com/about/engaged-partners
Alan,Wheatley,"Former President, Humana",Madison Dearborn Partners,,https://www.mdcp.com/about/engaged-partners
Limited,Partner Login,,Madison Dearborn Partners,https://services.sungarddx.com,https://www.mdcp.com/about/engaged-partners
Privacy,Policy,,Madison Dearborn Partners,https://www.mdcp.com/privacy,https://www.mdcp.com/about/engaged-partners
Terms,of Use,,Madison Dearborn Partners,https://www.mdcp.com/terms-of-use,https://www.mdcp.com/about/engaged-partners
All,rights reserved.,,Madison Dearborn Partners,,https://www.mdcp.com/about/engaged-partners
Do,"Not Sell or Share My Personal DataWhen you visit our website, we store cookies on your browser to collect information. The information collected might relate to you, your preferences or your device, and is mostly used to make the site work as you expect it to and to provide a more personalized web experience. However, you can choose not to allow certain types of cookies, which may impact your experience of the site and the services we are able to offer. Click on the different category headings to find out more and change our default settings according to your preference. You cannot opt-out of our First Party Strictly Necessary Cookies as they are deployed in order to ensure the proper functioning of our website (such as prompting the cookie banner and remembering your settings, to log into your account, to redirect you when you log out, etc.). For more information about the First and Third Party Cookies used please follow this link.","More informationAllow All Manage Consent PreferencesStrictly Necessary CookiesAlways ActiveThese cookies are necessary for the website to function and cannot be switched off in our systems. They are usually only set in response to actions made by you which amount to a request for services, such as setting your privacy preferences, logging in or filling in forms. You can set your browser to block or alert you about these cookies, but some parts of the site will not then work. These cookies do not store any personally identifiable information.Back ButtonCookie List Search IconFilter IconClear checkbox label labelApply CancelConsent Leg.Interest checkbox label label checkbox label label checkbox label label Confirm My Choices",Madison Dearborn Partners,https://cookiepedia.co.uk/giving-consent-to-cookies,https://www.mdcp.com/about/engaged-partners
Do,"Not Sell or Share My Personal DataWhen you visit our website, we store cookies on your browser to collect information. The information collected might relate to you, your preferences or your device, and is mostly used to make the site work as you expect it to and to provide a more personalized web experience. However, you can choose not to allow certain types of cookies, which may impact your experience of the site and the services we are able to offer. Click on the different category headings to find out more and change our default settings according to your preference. You cannot opt-out of our First Party Strictly Necessary Cookies as they are deployed in order to ensure the proper functioning of our website (such as prompting the cookie banner and remembering your settings, to log into your account, to redirect you when you log out, etc.). For more information about the First and Third Party Cookies used please follow this link.","More informationAllow All Manage Consent PreferencesStrictly Necessary CookiesAlways ActiveThese cookies are necessary for the website to function and cannot be switched off in our systems. They are usually only set in response to actions made by you which amount to a request for services, such as setting your privacy preferences, logging in or filling in forms. You can set your browser to block or alert you about these cookies, but some parts of the site will not then work. These cookies do not store any personally identifiable information.Back ButtonCookie List Search IconFilter IconClear checkbox label labelApply CancelConsent Leg.Interest checkbox label label checkbox label label checkbox label label Confirm My Choices",Madison Dearborn Partners,https://cookiepedia.co.uk/giving-consent-to-cookies,https://www.mdcp.com/about/engaged-partners
Do,"Not Sell or Share My Personal DataWhen you visit our website, we store cookies on your browser to collect information. The information collected might relate to you, your preferences or your device, and is mostly used to make the site work as you expect it to and to provide a more personalized web experience. However, you can choose not to allow certain types of cookies, which may impact your experience of the site and the services we are able to offer. Click on the different category headings to find out more and change our default settings according to your preference. You cannot opt-out of our First Party Strictly Necessary Cookies as they are deployed in order to ensure the proper functioning of our website (such as prompting the cookie banner and remembering your settings, to log into your account, to redirect you when you log out, etc.). For more information about the First and Third Party Cookies used please follow this link.","More informationAllow All Manage Consent PreferencesStrictly Necessary CookiesAlways ActiveThese cookies are necessary for the website to function and cannot be switched off in our systems. They are usually only set in response to actions made by you which amount to a request for services, such as setting your privacy preferences, logging in or filling in forms. You can set your browser to block or alert you about these cookies, but some parts of the site will not then work. These cookies do not store any personally identifiable information.",Madison Dearborn Partners,https://cookiepedia.co.uk/giving-consent-to-cookies,https://www.mdcp.com/about/engaged-partners
When,"you visit our website, we store cookies on your browser to collect information. The information collected might relate to you, your preferences or your device, and is mostly used to make the site work as you expect it to and to provide a more personalized web experience. However, you can choose not to allow certain types of cookies, which may impact your experience of the site and the services we are able to offer. Click on the different category headings to find out more and change our default settings according to your preference. You cannot opt-out of our First Party Strictly Necessary Cookies as they are deployed in order to ensure the proper functioning of our website (such as prompting the cookie banner and remembering your settings, to log into your account, to redirect you when you log out, etc.). For more information about the First and Third Party Cookies used please follow this link.",More information,Madison Dearborn Partners,https://cookiepedia.co.uk/giving-consent-to-cookies,https://www.mdcp.com/about/engaged-partners
Manage,"Consent PreferencesStrictly Necessary CookiesAlways ActiveThese cookies are necessary for the website to function and cannot be switched off in our systems. They are usually only set in response to actions made by you which amount to a request for services, such as setting your privacy preferences, logging in or filling in forms. You can set your browser to block or alert you about these cookies, but some parts of the site will not then work. These cookies do not store any personally identifiable information.",,Madison Dearborn Partners,,https://www.mdcp.com/about/engaged-partners
Strictly,"Necessary CookiesAlways ActiveThese cookies are necessary for the website to function and cannot be switched off in our systems. They are usually only set in response to actions made by you which amount to a request for services, such as setting your privacy preferences, logging in or filling in forms. You can set your browser to block or alert you about these cookies, but some parts of the site will not then work. These cookies do not store any personally identifiable information.",,Madison Dearborn Partners,,https://www.mdcp.com/about/engaged-partners
Strictly,Necessary CookiesAlways Active,,Madison Dearborn Partners,,https://www.mdcp.com/about/engaged-partners
Always,Active,,Madison Dearborn Partners,,https://www.mdcp.com/about/engaged-partners
These,"cookies are necessary for the website to function and cannot be switched off in our systems. They are usually only set in response to actions made by you which amount to a request for services, such as setting your privacy preferences, logging in or filling in forms. You can set your browser to block or alert you about these cookies, but some parts of the site will not then work. These cookies do not store any personally identifiable information.",,Madison Dearborn Partners,,https://www.mdcp.com/about/engaged-partners
Back,ButtonCookie List Search IconFilter IconClear checkbox label labelApply CancelConsent Leg.Interest checkbox label label checkbox label label checkbox label label,,Madison Dearborn Partners,,https://www.mdcp.com/about/engaged-partners
Back,ButtonCookie List Search IconFilter IconClear checkbox label labelApply Cancel,,Madison Dearborn Partners,,https://www.mdcp.com/about/engaged-partners
Back,ButtonCookie List,,Madison Dearborn Partners,,https://www.mdcp.com/about/engaged-partners
Search,IconFilter IconClear checkbox label labelApply Cancel,,Madison Dearborn Partners,,https://www.mdcp.com/about/engaged-partners
Search,Icon,,Madison Dearborn Partners,,https://www.mdcp.com/about/engaged-partners
Filter,Icon,,Madison Dearborn Partners,,https://www.mdcp.com/about/engaged-partners
Clear,checkbox label labelApply Cancel,,Madison Dearborn Partners,,https://www.mdcp.com/about/engaged-partners
Clear,checkbox label labelApply Cancel,,Madison Dearborn Partners,,https://www.mdcp.com/about/engaged-partners
checkbox,label labelApply Cancel,,Madison Dearborn Partners,,https://www.mdcp.com/about/engaged-partners
checkbox,label label,,Madison Dearborn Partners,,https://www.mdcp.com/about/engaged-partners
checkbox,label label,,Madison Dearborn Partners,,https://www.mdcp.com/about/engaged-partners
checkbox,label label,,Madison Dearborn Partners,,https://www.mdcp.com/about/engaged-partners
Apply,Cancel,,Madison Dearborn Partners,,https://www.mdcp.com/about/engaged-partners
This,"site uses cookies to store information on your computer. Some are essential to make our site work; others help us improve the user experience. By using the site, you consent to the placement of these cookies.",This site is intended for individuals who are at least 18 years of age.,Thoma Bravo,https://www.thomabravo.com/privacy-notice,https://www.thomabravo.com/team
This,"site uses cookies to store information on your computer. Some are essential to make our site work; others help us improve the user experience. By using the site, you consent to the placement of these cookies.",This site is intended for individuals who are at least 18 years of age.,Thoma Bravo,https://www.thomabravo.com/privacy-notice,https://www.thomabravo.com/team
This,"site uses cookies to store information on your computer. Some are essential to make our site work; others help us improve the user experience. By using the site, you consent to the placement of these cookies.",This site is intended for individuals who are at least 18 years of age.,Thoma Bravo,https://www.thomabravo.com/privacy-notice,https://www.thomabravo.com/team
ABOUT,US,THE TEAM,Thoma Bravo,https://www.thomabravo.com,https://www.thomabravo.com/team
ABOUT,US,THE TEAM,Thoma Bravo,https://www.thomabravo.com,https://www.thomabravo.com/team
ABOUT,US,THE TEAM,Thoma Bravo,https://www.thomabravo.com,https://www.thomabravo.com/team
ABOUT,US,THE TEAM,Thoma Bravo,https://www.thomabravo.com,https://www.thomabravo.com/team
ABOUT,US,THE TEAM,Thoma Bravo,https://www.thomabravo.com,https://www.thomabravo.com/team
ABOUT,US,THE TEAM,Thoma Bravo,https://www.thomabravo.com,https://www.thomabravo.com/team
ABOUT,US,THE TEAM,Thoma Bravo,https://www.thomabravo.com,https://www.thomabravo.com/team
ABOUT,US,THE TEAM,Thoma Bravo,https://www.thomabravo.com,https://www.thomabravo.com/team
ABOUT,US,THE TEAM,Thoma Bravo,https://www.thomabravo.com,https://www.thomabravo.com/team
ABOUT,US,THE TEAM,Thoma Bravo,https://www.thomabravo.com,https://www.thomabravo.com/team
ABOUT,US,THE TEAM,Thoma Bravo,https://www.thomabravo.com,https://www.thomabravo.com/team
ABOUT,US,THE TEAM,Thoma Bravo,https://www.thomabravo.com,https://www.thomabravo.com/team
ABOUT,US,THE TEAM,Thoma Bravo,https://www.thomabravo.com,https://www.thomabravo.com/team
ABOUT,US,THE TEAM,Thoma Bravo,https://www.thomabravo.com,https://www.thomabravo.com/team
ABOUT,US,THE TEAM,Thoma Bravo,https://www.thomabravo.com/about-us,https://www.thomabravo.com/team
ABOUT,US,THE TEAM,Thoma Bravo,https://www.thomabravo.com/about-us,https://www.thomabravo.com/team
ABOUT,US,THE TEAM,Thoma Bravo,https://www.thomabravo.com/about-us,https://www.thomabravo.com/team
ABOUT,US,THE TEAM,Thoma Bravo,https://www.thomabravo.com/about-us,https://www.thomabravo.com/team
ABOUT,US,THE TEAM,Thoma Bravo,https://www.thomabravo.com/about-us,https://www.thomabravo.com/team
ABOUT,US,THE TEAM,Thoma Bravo,https://www.thomabravo.com/about-us,https://www.thomabravo.com/team
ABOUT,US,,Thoma Bravo,https://www.thomabravo.com/about-us,https://www.thomabravo.com/team
THE,TEAM,,Thoma Bravo,https://www.thomabravo.com/team,https://www.thomabravo.com/team
OUR,BUSINESS,,Thoma Bravo,https://www.thomabravo.com/our-business,https://www.thomabravo.com/team
PEOPLE,& CULTURE,,Thoma Bravo,https://www.thomabravo.com/people-culture,https://www.thomabravo.com/team
INVESTOR,LOGIN,,Thoma Bravo,https://www.thomabravo.com/cs/c/?cta_guid=9a1100df-5878-400a-9855-209f19a0b22c&signature=AAH58kECgsH3wn5-2PZdQDHd-XAE1BWKyA&portal_id=5310998&pageId=40904363326&placement_guid=27d2f274-b085-446b-848a-8eb4db78c5e9&click=fd468fd5-638b-4d86-bf09-2d583bd69b01&redirect_url=APefjpGU-OPK8flZNSOg64W_qR4bjjGooMTinYNINgFQISKp4ldGYbTaUPvH-Gln5s3Khj8acQmCpSe-1HvhnT1F9Fj6w81nUrlZ_6V4q8iRcOoxiF890Jbxk5xoPJOKueFtIfjEqzse&hsutk=c31e2c120ac19cadfeada2c7096bb85e&canon=https%3A%2F%2Fwww.thomabravo.com%2Fteam&ts=1749148723055&__hstc=226325381.c31e2c120ac19cadfeada2c7096bb85e.1749148724983.1749148724983.1749148724983.1&__hssc=226325381.1.1749148724983&__hsfp=2831666935&contentType=standard-page,https://www.thomabravo.com/team
INVESTOR,LOGIN,,Thoma Bravo,https://www.thomabravo.com/cs/c/?cta_guid=77e3fb6b-51e3-44d4-85c1-f0426b19faf7&signature=AAH58kF1Nr1QZvYet8kAEVcGQU9CJX4o4g&portal_id=5310998&pageId=40904363326&placement_guid=dcba8bd3-4f1f-4a86-bb67-ee0b28b95589&click=4b7847d1-fb38-4c28-99f1-af3a61ffed1e&redirect_url=APefjpEjD5lt0Et-p1jGiv35Fy1fdTxyNbfLkKZldLM77e4l3_ARyvckftip6TBTUM9M8cmow7cz4JIY3vrzFd8wvvGnz0TecUslymjFRWusLsWFpHek4oSgySE4XEb4WvbvKbnzr8Z8OS_T9NKBmjgpLmR-7KeSxu4kfmrijQ9BXUR_pr_N2Dw&hsutk=c31e2c120ac19cadfeada2c7096bb85e&canon=https%3A%2F%2Fwww.thomabravo.com%2Fteam&ts=1749148723051&__hstc=226325381.c31e2c120ac19cadfeada2c7096bb85e.1749148724983.1749148724983.1749148724983.1&__hssc=226325381.1.1749148724983&__hsfp=2831666935&contentType=standard-page,https://www.thomabravo.com/team
INVESTOR,LOGIN,,Thoma Bravo,https://www.thomabravo.com/cs/c/?cta_guid=77e3fb6b-51e3-44d4-85c1-f0426b19faf7&signature=AAH58kF1Nr1QZvYet8kAEVcGQU9CJX4o4g&portal_id=5310998&pageId=40904363326&placement_guid=dcba8bd3-4f1f-4a86-bb67-ee0b28b95589&click=4b7847d1-fb38-4c28-99f1-af3a61ffed1e&redirect_url=APefjpEjD5lt0Et-p1jGiv35Fy1fdTxyNbfLkKZldLM77e4l3_ARyvckftip6TBTUM9M8cmow7cz4JIY3vrzFd8wvvGnz0TecUslymjFRWusLsWFpHek4oSgySE4XEb4WvbvKbnzr8Z8OS_T9NKBmjgpLmR-7KeSxu4kfmrijQ9BXUR_pr_N2Dw&hsutk=c31e2c120ac19cadfeada2c7096bb85e&canon=https%3A%2F%2Fwww.thomabravo.com%2Fteam&ts=1749148723051&__hstc=226325381.c31e2c120ac19cadfeada2c7096bb85e.1749148724983.1749148724983.1749148724983.1&__hssc=226325381.1.1749148724983&__hsfp=2831666935&contentType=standard-page,https://www.thomabravo.com/team
INVESTOR,LOGIN,,Thoma Bravo,https://www.thomabravo.com/cs/c/?cta_guid=77e3fb6b-51e3-44d4-85c1-f0426b19faf7&signature=AAH58kF1Nr1QZvYet8kAEVcGQU9CJX4o4g&portal_id=5310998&pageId=40904363326&placement_guid=dcba8bd3-4f1f-4a86-bb67-ee0b28b95589&click=4b7847d1-fb38-4c28-99f1-af3a61ffed1e&redirect_url=APefjpEjD5lt0Et-p1jGiv35Fy1fdTxyNbfLkKZldLM77e4l3_ARyvckftip6TBTUM9M8cmow7cz4JIY3vrzFd8wvvGnz0TecUslymjFRWusLsWFpHek4oSgySE4XEb4WvbvKbnzr8Z8OS_T9NKBmjgpLmR-7KeSxu4kfmrijQ9BXUR_pr_N2Dw&hsutk=c31e2c120ac19cadfeada2c7096bb85e&canon=https%3A%2F%2Fwww.thomabravo.com%2Fteam&ts=1749148723051&__hstc=226325381.c31e2c120ac19cadfeada2c7096bb85e.1749148724983.1749148724983.1749148724983.1&__hssc=226325381.1.1749148724983&__hsfp=2831666935&contentType=standard-page,https://www.thomabravo.com/team
INVESTOR,LOGIN,,Thoma Bravo,https://www.thomabravo.com/cs/c/?cta_guid=77e3fb6b-51e3-44d4-85c1-f0426b19faf7&signature=AAH58kF1Nr1QZvYet8kAEVcGQU9CJX4o4g&portal_id=5310998&pageId=40904363326&placement_guid=dcba8bd3-4f1f-4a86-bb67-ee0b28b95589&click=4b7847d1-fb38-4c28-99f1-af3a61ffed1e&redirect_url=APefjpEjD5lt0Et-p1jGiv35Fy1fdTxyNbfLkKZldLM77e4l3_ARyvckftip6TBTUM9M8cmow7cz4JIY3vrzFd8wvvGnz0TecUslymjFRWusLsWFpHek4oSgySE4XEb4WvbvKbnzr8Z8OS_T9NKBmjgpLmR-7KeSxu4kfmrijQ9BXUR_pr_N2Dw&hsutk=c31e2c120ac19cadfeada2c7096bb85e&canon=https%3A%2F%2Fwww.thomabravo.com%2Fteam&ts=1749148723051&__hstc=226325381.c31e2c120ac19cadfeada2c7096bb85e.1749148724983.1749148724983.1749148724983.1&__hssc=226325381.1.1749148724983&__hsfp=2831666935&contentType=standard-page,https://www.thomabravo.com/team
TEAM.,WORK.,"Experienced, focused and approachable. We are Thoma Bravo.",Thoma Bravo,https://www.thomabravo.com/team,https://www.thomabravo.com/team
TEAM.,WORK.,"Experienced, focused and approachable. We are Thoma Bravo.",Thoma Bravo,https://www.thomabravo.com/team,https://www.thomabravo.com/team
TEAM.,WORK.,"Experienced, focused and approachable. We are Thoma Bravo.",Thoma Bravo,,https://www.thomabravo.com/team
TEAM.,WORK.,"Experienced, focused and approachable. We are Thoma Bravo.",Thoma Bravo,,https://www.thomabravo.com/team
TEAM.,WORK.,"Experienced, focused and approachable. We are Thoma Bravo.",Thoma Bravo,,https://www.thomabravo.com/team
TEAM.,WORK.,"Experienced, focused and approachable. We are Thoma Bravo.",Thoma Bravo,,https://www.thomabravo.com/team
TEAM.,WORK.,"Experienced, focused and approachable. We are Thoma Bravo.",Thoma Bravo,,https://www.thomabravo.com/team
TEAM.,WORK.,"Experienced, focused and approachable. We are Thoma Bravo.",Thoma Bravo,,https://www.thomabravo.com/team
TEAM.,WORK.,"Experienced, focused and approachable. We are Thoma Bravo.",Thoma Bravo,,https://www.thomabravo.com/team
TEAM.,WORK.,"Experienced, focused and approachable. We are Thoma Bravo.",Thoma Bravo,,https://www.thomabravo.com/team
TEAM.,WORK.,"Experienced, focused and approachable. We are Thoma Bravo.",Thoma Bravo,,https://www.thomabravo.com/team
TEAM.,WORK.,"Experienced, focused and approachable. We are Thoma Bravo.",Thoma Bravo,,https://www.thomabravo.com/team
Choose,Role:,All,Thoma Bravo,https://www.thomabravo.com/team,https://www.thomabravo.com/team
Choose,Role:,All,Thoma Bravo,https://www.thomabravo.com/team,https://www.thomabravo.com/team
Choose,Role:,All,Thoma Bravo,https://www.thomabravo.com/team,https://www.thomabravo.com/team
Choose,Role:,All,Thoma Bravo,https://www.thomabravo.com/team,https://www.thomabravo.com/team
Choose,Role:,All,Thoma Bravo,https://www.thomabravo.com/team,https://www.thomabravo.com/team
Choose,Role:,All,Thoma Bravo,https://www.thomabravo.com/team,https://www.thomabravo.com/team
Choose,Role:,All,Thoma Bravo,,https://www.thomabravo.com/team
Choose,Role:,All,Thoma Bravo,,https://www.thomabravo.com/team
Choose,Role:,All,Thoma Bravo,,https://www.thomabravo.com/team
Choose,Role:,All,Thoma Bravo,,https://www.thomabravo.com/team
Choose,Role:,All,Thoma Bravo,,https://www.thomabravo.com/team
Choose,Role:,All,Thoma Bravo,,https://www.thomabravo.com/team
Choose,Role:,All,Thoma Bravo,,https://www.thomabravo.com/team
Choose,Role:,All,Thoma Bravo,,https://www.thomabravo.com/team
Choose,Role:,All,Thoma Bravo,,https://www.thomabravo.com/team
Choose,Role:,All,Thoma Bravo,,https://www.thomabravo.com/team
Choose,Role:,All,Thoma Bravo,,https://www.thomabravo.com/team
Choose,Role:,All,Thoma Bravo,,https://www.thomabravo.com/team
Choose,Role:,All,Thoma Bravo,,https://www.thomabravo.com/team
Choose,Role:,,Thoma Bravo,,https://www.thomabravo.com/team
Choose,Office:,All,Thoma Bravo,,https://www.thomabravo.com/team
Choose,Office:,All,Thoma Bravo,,https://www.thomabravo.com/team
Choose,Office:,All,Thoma Bravo,,https://www.thomabravo.com/team
Choose,Office:,All,Thoma Bravo,,https://www.thomabravo.com/team
Choose,Office:,All,Thoma Bravo,,https://www.thomabravo.com/team
Choose,Office:,All,Thoma Bravo,,https://www.thomabravo.com/team
Choose,Office:,All,Thoma Bravo,,https://www.thomabravo.com/team
Choose,Office:,All,Thoma Bravo,,https://www.thomabravo.com/team
Choose,Office:,,Thoma Bravo,,https://www.thomabravo.com/team
New,York,,Thoma Bravo,,https://www.thomabravo.com/team
San,Francisco,,Thoma Bravo,,https://www.thomabravo.com/team
Skip,to primary content,Baird Capital,Baird Capital,https://www.bairdcapital.com/team/#primary,https://www.bairdcapital.com/team/
About,Us    Return to About Us,Our Commitment to the Community,Baird Capital,https://www.bairdcapital.com/team/,https://www.bairdcapital.com/team/
About,Us    Return to About Us,Our Commitment to the Community,Baird Capital,https://www.bairdcapital.com/about-us/,https://www.bairdcapital.com/team/
About,Us    Return to About Us,Our Commitment to the Community,Baird Capital,https://www.bairdcapital.com/about-us/,https://www.bairdcapital.com/team/
About,Us    Return to About Us,Our Commitment to the Community,Baird Capital,https://www.bairdcapital.com/about-us/,https://www.bairdcapital.com/team/
Return,to About Us,,Baird Capital,https://www.bairdcapital.com/team/,https://www.bairdcapital.com/team/
Our,Commitment to the Community,,Baird Capital,https://www.bairdcapital.com/about-us/our-commitment-to-the-community/,https://www.bairdcapital.com/team/
Investment,Strategies    Return to Investment Strategies,Global Private Equity,Baird Capital,https://www.bairdcapital.com/investment-strategies/,https://www.bairdcapital.com/team/
Return,to Investment Strategies,,Baird Capital,https://www.bairdcapital.com/team/,https://www.bairdcapital.com/team/
Global,Private Equity,,Baird Capital,https://www.bairdcapital.com/investment-strategies/global-private-equity/,https://www.bairdcapital.com/team/
Venture,Capital,,Baird Capital,https://www.bairdcapital.com/investment-strategies/venture-capital/,https://www.bairdcapital.com/team/
News,& Insights,Return to News & Insights,Baird Capital,https://www.bairdcapital.com/news-insights/,https://www.bairdcapital.com/team/
Return,to News & Insights,,Baird Capital,https://www.bairdcapital.com/team/,https://www.bairdcapital.com/team/
Baird,Europe,,Baird Capital,https://www.bairdeurope.com/,https://www.bairdcapital.com/team/
Baird,U.S.,,Baird Capital,https://www.rwbaird.com/,https://www.bairdcapital.com/team/
LP,Login,,Baird Capital,https://bairdcapital.altareturn.com/,https://www.bairdcapital.com/team/
Baird,Capital,Baird Europe,Baird Capital,https://www.bairdcapital.com/,https://www.bairdcapital.com/team/
Baird,Europe,f,Baird Capital,https://www.bairdeurope.com/,https://www.bairdcapital.com/team/
Baird,Europe,f,Baird Capital,https://www.bairdeurope.com/,https://www.bairdcapital.com/team/
Baird,Europe,f,Baird Capital,https://www.bairdeurope.com/,https://www.bairdcapital.com/team/
Baird,U.S.,f,Baird Capital,https://www.rwbaird.com/,https://www.bairdcapital.com/team/
LP,Login,f,Baird Capital,https://bairdcapital.altareturn.com/,https://www.bairdcapital.com/team/
Main,Navigation,About Us,Baird Capital,https://www.bairdcapital.com/about-us/,https://www.bairdcapital.com/team/
About,Us,,Baird Capital,https://www.bairdcapital.com/about-us/,https://www.bairdcapital.com/team/
Investment,Strategies,,Baird Capital,https://www.bairdcapital.com/investment-strategies/,https://www.bairdcapital.com/team/
News,& Insights,,Baird Capital,https://www.bairdcapital.com/news-insights/,https://www.bairdcapital.com/team/
Baird,"Capital’s team works as one global platform to deliver sector expertise,",ideas for growth and operating resources to our portfolio companies.,Baird Capital,https://www.bairdcapital.com/portfolio/,https://www.bairdcapital.com/team/
Baird,"Capital’s team works as one global platform to deliver sector expertise, ideas for growth and operating resources to our portfolio companies.","The titles of Senior Advisor, Operating Advisor and Venture Partner are a reference to independent contractors that are advisers to the General Partner and/or portfolio companies of funds managed by the General Partner. For clarity, Senior Advisors, Operating Advisors and Venture Partners are not employees of the General Partner or an affiliate of the General Partner.",Baird Capital,https://www.bairdcapital.com/portfolio/,https://www.bairdcapital.com/team/
Baird,"Capital’s team works as one global platform to deliver sector expertise, ideas for growth and operating resources to our portfolio companies.","The titles of Senior Advisor, Operating Advisor and Venture Partner are a reference to independent contractors that are advisers to the General Partner and/or portfolio companies of funds managed by the General Partner. For clarity, Senior Advisors, Operating Advisors and Venture Partners are not employees of the General Partner or an affiliate of the General Partner.",Baird Capital,https://www.bairdcapital.com/portfolio/,https://www.bairdcapital.com/team/
Global,Private Equity,,Baird Capital,,https://www.bairdcapital.com/team/
Operating,Support,,Baird Capital,,https://www.bairdcapital.com/team/
Venture,Capital,,Baird Capital,,https://www.bairdcapital.com/team/
United,Kingdom,,Baird Capital,,https://www.bairdcapital.com/team/
United,States,,Baird Capital,,https://www.bairdcapital.com/team/
VIEW,ALL,ONLY LEADERSHIP,Baird Capital,,https://www.bairdcapital.com/team/
Gordon,Pan,President,Baird Capital,https://www.bairdcapital.com/team/gordon-pan/ProfileModal,https://www.bairdcapital.com/team/
Gordon,Pan,President,Baird Capital,https://www.bairdcapital.com/team/gordon-pan/ProfileModal,https://www.bairdcapital.com/team/
Gordon,Pan,President,Baird Capital,,https://www.bairdcapital.com/team/
VIEW,PROFILE,,Baird Capital,,https://www.bairdcapital.com/team/
Katie,Schoen,Global Head of Investor Relations & Operations,Baird Capital,https://www.bairdcapital.com/team/katie-schoen/ProfileModal,https://www.bairdcapital.com/team/
Katie,Schoen,Global Head of Investor Relations & Operations,Baird Capital,,https://www.bairdcapital.com/team/
VIEW,PROFILE,,Baird Capital,,https://www.bairdcapital.com/team/
Erin,Jelenchick,Global Head of Finance,Baird Capital,https://www.bairdcapital.com/team/erin-jelenchick/ProfileModal,https://www.bairdcapital.com/team/
Erin,Jelenchick,Global Head of Finance,Baird Capital,,https://www.bairdcapital.com/team/
VIEW,PROFILE,,Baird Capital,,https://www.bairdcapital.com/team/
Joanna,Arras,Partner,Baird Capital,https://www.bairdcapital.com/team/joanna-arras/ProfileModal,https://www.bairdcapital.com/team/
Joanna,Arras,Partner,Baird Capital,,https://www.bairdcapital.com/team/
VIEW,PROFILE,,Baird Capital,,https://www.bairdcapital.com/team/
James,Benfield,Partner,Baird Capital,https://www.bairdcapital.com/team/james-benfield/ProfileModal,https://www.bairdcapital.com/team/
James,Benfield,Partner,Baird Capital,,https://www.bairdcapital.com/team/
VIEW,PROFILE,,Baird Capital,,https://www.bairdcapital.com/team/
Mark,Donnelly,Partner,Baird Capital,https://www.bairdcapital.com/team/mark-donnelly/ProfileModal,https://www.bairdcapital.com/team/
Mark,Donnelly,Partner,Baird Capital,,https://www.bairdcapital.com/team/
VIEW,PROFILE,,Baird Capital,,https://www.bairdcapital.com/team/
Dennis,Hall,"Partner, Global Head of Portfolio Operations",Baird Capital,https://www.bairdcapital.com/team/dennis-hall/ProfileModal,https://www.bairdcapital.com/team/
Dennis,Hall,"Partner, Global Head of Portfolio Operations",Baird Capital,,https://www.bairdcapital.com/team/
VIEW,PROFILE,,Baird Capital,,https://www.bairdcapital.com/team/
Michael,Holgate,Partner,Baird Capital,https://www.bairdcapital.com/team/michael-holgate/ProfileModal,https://www.bairdcapital.com/team/
Michael,Holgate,Partner,Baird Capital,,https://www.bairdcapital.com/team/
VIEW,PROFILE,,Baird Capital,,https://www.bairdcapital.com/team/
Louise,Kingston,Partner,Baird Capital,https://www.bairdcapital.com/team/louise-kingston/ProfileModal,https://www.bairdcapital.com/team/
Louise,Kingston,Partner,Baird Capital,,https://www.bairdcapital.com/team/
VIEW,PROFILE,,Baird Capital,,https://www.bairdcapital.com/team/
Rob,Ospalik,Partner,Baird Capital,https://www.bairdcapital.com/team/rob-ospalik/ProfileModal,https://www.bairdcapital.com/team/
Rob,Ospalik,Partner,Baird Capital,,https://www.bairdcapital.com/team/
VIEW,PROFILE,,Baird Capital,,https://www.bairdcapital.com/team/
Jim,Pavlik,Partner,Baird Capital,https://www.bairdcapital.com/team/jim-pavlik/ProfileModal,https://www.bairdcapital.com/team/
Jim,Pavlik,Partner,Baird Capital,,https://www.bairdcapital.com/team/
VIEW,PROFILE,,Baird Capital,,https://www.bairdcapital.com/team/
Benedict,Rocchio,Partner,Baird Capital,https://www.bairdcapital.com/team/benedict-rocchio/ProfileModal,https://www.bairdcapital.com/team/
Benedict,Rocchio,Partner,Baird Capital,,https://www.bairdcapital.com/team/
VIEW,PROFILE,,Baird Capital,,https://www.bairdcapital.com/team/
Brett,Tucker,Partner,Baird Capital,https://www.bairdcapital.com/team/brett-h.-tucker/ProfileModal,https://www.bairdcapital.com/team/
Brett,Tucker,Partner,Baird Capital,,https://www.bairdcapital.com/team/
VIEW,PROFILE,,Baird Capital,,https://www.bairdcapital.com/team/
Huaming,Gu,Operating Partner,Baird Capital,https://www.bairdcapital.com/team/huaming-gu/ProfileModal,https://www.bairdcapital.com/team/
Huaming,Gu,Operating Partner,Baird Capital,,https://www.bairdcapital.com/team/
VIEW,PROFILE,,Baird Capital,,https://www.bairdcapital.com/team/
Daina,Spedding,Director,Baird Capital,https://www.bairdcapital.com/team/daina-spedding/ProfileModal,https://www.bairdcapital.com/team/
Daina,Spedding,Director,Baird Capital,,https://www.bairdcapital.com/team/
VIEW,PROFILE,,Baird Capital,,https://www.bairdcapital.com/team/
Benjamin,Hanessian,Principal – Portfolio Operations,Baird Capital,https://www.bairdcapital.com/team/benjamin-hanessian/ProfileModal,https://www.bairdcapital.com/team/
Benjamin,Hanessian,Principal – Portfolio Operations,Baird Capital,,https://www.bairdcapital.com/team/
VIEW,PROFILE,,Baird Capital,,https://www.bairdcapital.com/team/
Becca,Schlagenhauf,Principal,Baird Capital,https://www.bairdcapital.com/team/becca-schlagenhauf/ProfileModal,https://www.bairdcapital.com/team/
Becca,Schlagenhauf,Principal,Baird Capital,,https://www.bairdcapital.com/team/
VIEW,PROFILE,,Baird Capital,,https://www.bairdcapital.com/team/
Anthony,Zhu,Principal,Baird Capital,https://www.bairdcapital.com/team/anthony-zhu/ProfileModal,https://www.bairdcapital.com/team/
Anthony,Zhu,Principal,Baird Capital,,https://www.bairdcapital.com/team/
VIEW,PROFILE,,Baird Capital,,https://www.bairdcapital.com/team/
Aidan,Elliott,Investment Director,Baird Capital,https://www.bairdcapital.com/team/aidan-elliott/ProfileModal,https://www.bairdcapital.com/team/
Aidan,Elliott,Investment Director,Baird Capital,,https://www.bairdcapital.com/team/
VIEW,PROFILE,,Baird Capital,,https://www.bairdcapital.com/team/
We,"use cookies and other tracking technologies to improve your browsing experience on our website, to show you personalized content and to analyze our website traffic. By browsing our website, you consent to our use of cookies and other tracking technologies.",I AGREE TO ALL COOKIE USECHANGE PREFERENCES,Pritzker Private Capital,,https://www.ppcpartners.com/team
We,"use cookies and other tracking technologies to improve your browsing experience on our website, to show you personalized content and to analyze our website traffic. By browsing our website, you consent to our use of cookies and other tracking technologies.",I AGREE TO ALL COOKIE USECHANGE PREFERENCES,Pritzker Private Capital,,https://www.ppcpartners.com/team
Your,"PrivacyCookie Preferences CookiesTracking & Performance CookiesCLOSE PREFERENCESYour PrivacyCookies are very small text files that are stored on your computer when you visit a website. We use cookies for a variety of purposes and to enhance your online experience on our website (for example, to remember your account login details).You can change your preferences and decline certain types of cookies to be stored on your computer while browsing our website.Cookie Preferences CookiesEnabledDisabledIn order to remember your cookies preferences, we need to use cookies. By disabling this cookie on the site, we have no way to track your preferences and the disclaimer will always display on the site.DisableEnableTracking & Performance CookiesEnabledDisabledThese cookies are used to collect information to analyze the traffic to our website and how visitors are using our website.For example, these cookies may track things such as how long you spend on the website or the pages you visit which helps us to understand how we can improve our website site for you.The information collected through these tracking and performance cookies do not identify any individual visitor.DisableEnable",,Pritzker Private Capital,,https://www.ppcpartners.com/team
Your,PrivacyCookie Preferences CookiesTracking & Performance CookiesCLOSE PREFERENCES,,Pritzker Private Capital,,https://www.ppcpartners.com/team
Your,Privacy,,Pritzker Private Capital,,https://www.ppcpartners.com/team
Cookie,Preferences Cookies,,Pritzker Private Capital,,https://www.ppcpartners.com/team
Tracking,& Performance Cookies,,Pritzker Private Capital,,https://www.ppcpartners.com/team
CLOSE,PREFERENCES,,Pritzker Private Capital,,https://www.ppcpartners.com/team
Your,"PrivacyCookies are very small text files that are stored on your computer when you visit a website. We use cookies for a variety of purposes and to enhance your online experience on our website (for example, to remember your account login details).You can change your preferences and decline certain types of cookies to be stored on your computer while browsing our website.Cookie Preferences CookiesEnabledDisabledIn order to remember your cookies preferences, we need to use cookies. By disabling this cookie on the site, we have no way to track your preferences and the disclaimer will always display on the site.DisableEnableTracking & Performance CookiesEnabledDisabledThese cookies are used to collect information to analyze the traffic to our website and how visitors are using our website.For example, these cookies may track things such as how long you spend on the website or the pages you visit which helps us to understand how we can improve our website site for you.The information collected through these tracking and performance cookies do not identify any individual visitor.DisableEnable",,Pritzker Private Capital,,https://www.ppcpartners.com/team
Your,"PrivacyCookies are very small text files that are stored on your computer when you visit a website. We use cookies for a variety of purposes and to enhance your online experience on our website (for example, to remember your account login details).You can change your preferences and decline certain types of cookies to be stored on your computer while browsing our website.",,Pritzker Private Capital,,https://www.ppcpartners.com/team
Cookies,"are very small text files that are stored on your computer when you visit a website. We use cookies for a variety of purposes and to enhance your online experience on our website (for example, to remember your account login details).You can change your preferences and decline certain types of cookies to be stored on your computer while browsing our website.",,Pritzker Private Capital,,https://www.ppcpartners.com/team
Cookie,"Preferences CookiesEnabledDisabledIn order to remember your cookies preferences, we need to use cookies. By disabling this cookie on the site, we have no way to track your preferences and the disclaimer will always display on the site.DisableEnable",,Pritzker Private Capital,,https://www.ppcpartners.com/team
In,"order to remember your cookies preferences, we need to use cookies. By disabling this cookie on the site, we have no way to track your preferences and the disclaimer will always display on the site.",,Pritzker Private Capital,,https://www.ppcpartners.com/team
Tracking,"& Performance CookiesEnabledDisabledThese cookies are used to collect information to analyze the traffic to our website and how visitors are using our website.For example, these cookies may track things such as how long you spend on the website or the pages you visit which helps us to understand how we can improve our website site for you.The information collected through these tracking and performance cookies do not identify any individual visitor.DisableEnable",,Pritzker Private Capital,,https://www.ppcpartners.com/team
These,"cookies are used to collect information to analyze the traffic to our website and how visitors are using our website.For example, these cookies may track things such as how long you spend on the website or the pages you visit which helps us to understand how we can improve our website site for you.The information collected through these tracking and performance cookies do not identify any individual visitor.",,Pritzker Private Capital,,https://www.ppcpartners.com/team
OUR,TEAM,PPC TEAM,Pritzker Private Capital,,https://www.ppcpartners.com/team
PPC,TEAM,,Pritzker Private Capital,,https://www.ppcpartners.com/team
PRITZKER,ADVISORY BOARD,,Pritzker Private Capital,,https://www.ppcpartners.com/team
EXECUTIVE,ADVISORS,,Pritzker Private Capital,,https://www.ppcpartners.com/team
PPC,TEAM,Search For...,Pritzker Private Capital,,https://www.ppcpartners.com/team
PPC,TEAM,Search For...,Pritzker Private Capital,,https://www.ppcpartners.com/team
Search,For...,,Pritzker Private Capital,,https://www.ppcpartners.com/team
JESSICA,BAKER,Executive Assistant,Pritzker Private Capital,,https://www.ppcpartners.com/team
JESSICA,BAKER,Executive Assistant,Pritzker Private Capital,,https://www.ppcpartners.com/team
JESSICA,BAKER,Executive Assistant,Pritzker Private Capital,,https://www.ppcpartners.com/team
JESSICA,BAKER,Executive Assistant,Pritzker Private Capital,,https://www.ppcpartners.com/team
JESSICA,BAKER,Executive Assistant,Pritzker Private Capital,,https://www.ppcpartners.com/team
JESSICA,BAKER,Executive Assistant,Pritzker Private Capital,,https://www.ppcpartners.com/team
APRIL,BENNETT,Executive Assistant,Pritzker Private Capital,,https://www.ppcpartners.com/team
APRIL,BENNETT,Executive Assistant,Pritzker Private Capital,,https://www.ppcpartners.com/team
APRIL,BENNETT,Executive Assistant,Pritzker Private Capital,,https://www.ppcpartners.com/team
SPENSER,BROWN,Vice President - Manufactured Products,Pritzker Private Capital,,https://www.ppcpartners.com/team
SPENSER,BROWN,Vice President - Manufactured Products,Pritzker Private Capital,,https://www.ppcpartners.com/team
SPENSER,BROWN,Vice President - Manufactured Products,Pritzker Private Capital,,https://www.ppcpartners.com/team
DEMETRE,CARNOT,Associate,Pritzker Private Capital,,https://www.ppcpartners.com/team
DEMETRE,CARNOT,Associate,Pritzker Private Capital,,https://www.ppcpartners.com/team
DEMETRE,CARNOT,Associate,Pritzker Private Capital,,https://www.ppcpartners.com/team
REBECCA,CONVERSE,Partner and Head of Global Strategic Partnerships,Pritzker Private Capital,,https://www.ppcpartners.com/team
REBECCA,CONVERSE,Partner and Head of Global Strategic Partnerships,Pritzker Private Capital,,https://www.ppcpartners.com/team
REBECCA,CONVERSE,Partner and Head of Global Strategic Partnerships,Pritzker Private Capital,,https://www.ppcpartners.com/team
How,We Invest,,Shore Capital Partners,,https://www.shorecp.com/a-platform-for-leadership-growth
Funds,& Companies,,Shore Capital Partners,,https://www.shorecp.com/a-platform-for-leadership-growth
PE,Explained,,Shore Capital Partners,,https://www.shorecp.com/a-platform-for-leadership-growth
How,We Support Your Growth,,Shore Capital Partners,,https://www.shorecp.com/a-platform-for-leadership-growth
How,"We InvestMission, Vision, & ValuesThe Shore DifferenceOur Investment Approach",,Shore Capital Partners,https://www.shorecp.com/mission-vision-values,https://www.shorecp.com/a-platform-for-leadership-growth
"Mission,","Vision, & Values",,Shore Capital Partners,https://www.shorecp.com/mission-vision-values,https://www.shorecp.com/a-platform-for-leadership-growth
The,Shore Difference,,Shore Capital Partners,https://www.shorecp.com/the-shore-difference,https://www.shorecp.com/a-platform-for-leadership-growth
Our,Investment Approach,,Shore Capital Partners,https://www.shorecp.com/our-investment-approach,https://www.shorecp.com/a-platform-for-leadership-growth
Funds,& CompaniesBusiness ServicesFood & BeverageHealthcareIndustrialsReal EstateSearch FundView All Companies,,Shore Capital Partners,https://www.shorecp.com/industry/business-services,https://www.shorecp.com/a-platform-for-leadership-growth
Business,Services,,Shore Capital Partners,https://www.shorecp.com/industry/business-services,https://www.shorecp.com/a-platform-for-leadership-growth
Food,& Beverage,,Shore Capital Partners,https://www.shorecp.com/industry/food-and-beverage,https://www.shorecp.com/a-platform-for-leadership-growth
Real,Estate,,Shore Capital Partners,https://www.shorecp.com/industry/real-estate,https://www.shorecp.com/a-platform-for-leadership-growth
Search,Fund,,Shore Capital Partners,https://www.shorecp.com/industry/search,https://www.shorecp.com/a-platform-for-leadership-growth
View,All Companies,,Shore Capital Partners,https://www.shorecp.com/companies,https://www.shorecp.com/a-platform-for-leadership-growth
PE,ExplainedA Primer on Private EquityInside the Shore PlaybookWhat Makes a Great CEO,,Shore Capital Partners,https://www.shorecp.com/a-primer-on-private-equity,https://www.shorecp.com/a-platform-for-leadership-growth
Inside,the Shore Playbook,,Shore Capital Partners,https://www.shorecp.com/bigger-stronger-faster,https://www.shorecp.com/a-platform-for-leadership-growth
What,Makes a Great CEO,,Shore Capital Partners,https://www.shorecp.com/what-makes-a-great-ceo,https://www.shorecp.com/a-platform-for-leadership-growth
How,We Support Your GrowthHow Your Board Unlocks GrowthResources to Go Faster With Less RiskA Platform for Leadership GrowthCXO Executive Program,,Shore Capital Partners,https://www.shorecp.com/how-your-board-unlocks-growth,https://www.shorecp.com/a-platform-for-leadership-growth
How,Your Board Unlocks Growth,,Shore Capital Partners,https://www.shorecp.com/how-your-board-unlocks-growth,https://www.shorecp.com/a-platform-for-leadership-growth
Resources,to Go Faster With Less Risk,,Shore Capital Partners,https://www.shorecp.com/faster-with-less-risk,https://www.shorecp.com/a-platform-for-leadership-growth
CXO,Executive Program,,Shore Capital Partners,https://www.shorecp.com/cxo-program,https://www.shorecp.com/a-platform-for-leadership-growth
TeamsIntroducing,Your Shore TeamInvestment ProfessionalsPortfolio Performance GroupOperations TeamOperating Partners,,Shore Capital Partners,https://www.shorecp.com/teams,https://www.shorecp.com/a-platform-for-leadership-growth
Introducing,Your Shore Team,,Shore Capital Partners,https://www.shorecp.com/teams,https://www.shorecp.com/a-platform-for-leadership-growth
Investment,Professionals,,Shore Capital Partners,https://www.shorecp.com/teams/investment-professionals,https://www.shorecp.com/a-platform-for-leadership-growth
Portfolio,Performance Group,,Shore Capital Partners,https://www.shorecp.com/teams/portfolio-performance-group,https://www.shorecp.com/a-platform-for-leadership-growth
Operations,Team,,Shore Capital Partners,https://www.shorecp.com/teams/operations,https://www.shorecp.com/a-platform-for-leadership-growth
Operating,Partners,,Shore Capital Partners,https://www.shorecp.com/teams/operating-partners,https://www.shorecp.com/a-platform-for-leadership-growth
MediaNewsroomPodcastsMicrocap,MomentsEveryday HeroesBigger.  Stronger.  Faster.,,Shore Capital Partners,https://www.shorecp.com/news,https://www.shorecp.com/a-platform-for-leadership-growth
PodcastsMicrocap,MomentsEveryday HeroesBigger.  Stronger.  Faster.,,Shore Capital Partners,https://www.shorecp.com/podcasts,https://www.shorecp.com/a-platform-for-leadership-growth
Microcap,Moments,,Shore Capital Partners,https://www.shorecp.com/podcasts/microcap-moments,https://www.shorecp.com/a-platform-for-leadership-growth
Everyday,Heroes,,Shore Capital Partners,https://www.shorecp.com/podcasts/everyday-heroes,https://www.shorecp.com/a-platform-for-leadership-growth
Bigger., Stronger.  Faster.,,Shore Capital Partners,https://www.shorecp.com/podcasts/bigger-stronger-faster,https://www.shorecp.com/a-platform-for-leadership-growth
Shore,University: a platform for,leadership growth,Shore Capital Partners,,https://www.shorecp.com/a-platform-for-leadership-growth
Shore,University: a platform for,leadership growth,Shore Capital Partners,,https://www.shorecp.com/a-platform-for-leadership-growth
Shore,University: a platform for,leadership growth,Shore Capital Partners,,https://www.shorecp.com/a-platform-for-leadership-growth
Shore,University: a platform for,leadership growth,Shore Capital Partners,,https://www.shorecp.com/a-platform-for-leadership-growth
Shore,University: a platform for,leadership growth,Shore Capital Partners,,https://www.shorecp.com/a-platform-for-leadership-growth
Shore,University: a platform for,leadership growth,Shore Capital Partners,,https://www.shorecp.com/a-platform-for-leadership-growth
Shore,University: a platform for,leadership growth,Shore Capital Partners,,https://www.shorecp.com/a-platform-for-leadership-growth
Our,"unique leadership development programs give you and your company a competitive advantage in skill development, knowledge sharing, and networking.",EXECUTIVE LEADERSHIP ACADEMY,Shore Capital Partners,,https://www.shorecp.com/a-platform-for-leadership-growth
Our,"unique leadership development programs give you and your company a competitive advantage in skill development, knowledge sharing, and networking.",EXECUTIVE LEADERSHIP ACADEMY,Shore Capital Partners,,https://www.shorecp.com/a-platform-for-leadership-growth
EXECUTIVE,LEADERSHIP ACADEMY,,Shore Capital Partners,,https://www.shorecp.com/a-platform-for-leadership-growth
PROFESSIONAL,COHORTS,,Shore Capital Partners,,https://www.shorecp.com/a-platform-for-leadership-growth
PORTFOLIO,LEADERSHIP ACADEMY,,Shore Capital Partners,,https://www.shorecp.com/a-platform-for-leadership-growth
PEAK,PERFORMER PROGRAM,,Shore Capital Partners,,https://www.shorecp.com/a-platform-for-leadership-growth
Shore,"has a mantra it is great to learn from experience, but even better to learn from someone else’s experience. They view the firm as a learning organization. They want all their people to see everything, like a teaching hospital. Shining a light on high performers encourages others to see what success looks like.","Chief Executive Officer, Mission Veterinary Partners",Shore Capital Partners,https://www.shorecp.com/companies/mission-veterinary-partners,https://www.shorecp.com/a-platform-for-leadership-growth
Shore,"has a mantra it is great to learn from experience, but even better to learn from someone else’s experience. They view the firm as a learning organization. They want all their people to see everything, like a teaching hospital. Shining a light on high performers encourages others to see what success looks like.","Chief Executive Officer, Mission Veterinary Partners",Shore Capital Partners,https://www.shorecp.com/companies/mission-veterinary-partners,https://www.shorecp.com/a-platform-for-leadership-growth
Shore,"has a mantra it is great to learn from experience, but even better to learn from someone else’s experience. They view the firm as a learning organization. They want all their people to see everything, like a teaching hospital. Shining a light on high performers encourages others to see what success looks like.","Chief Executive Officer, Mission Veterinary Partners",Shore Capital Partners,https://www.shorecp.com/companies/mission-veterinary-partners,https://www.shorecp.com/a-platform-for-leadership-growth
Shore,"has a mantra it is great to learn from experience, but even better to learn from someone else’s experience. They view the firm as a learning organization. They want all their people to see everything, like a teaching hospital. Shining a light on high performers encourages others to see what success looks like.","Chief Executive Officer, Mission Veterinary Partners",Shore Capital Partners,https://www.shorecp.com/companies/mission-veterinary-partners,https://www.shorecp.com/a-platform-for-leadership-growth
Shore,"has a mantra it is great to learn from experience, but even better to learn from someone else’s experience. They view the firm as a learning organization. They want all their people to see everything, like a teaching hospital. Shining a light on high performers encourages others to see what success looks like.","Chief Executive Officer, Mission Veterinary Partners",Shore Capital Partners,https://www.shorecp.com/companies/mission-veterinary-partners,https://www.shorecp.com/a-platform-for-leadership-growth
Shore,"has a mantra it is great to learn from experience, but even better to learn from someone else’s experience. They view the firm as a learning organization. They want all their people to see everything, like a teaching hospital. Shining a light on high performers encourages others to see what success looks like.","Chief Executive Officer, Mission Veterinary Partners",Shore Capital Partners,https://www.shorecp.com/companies/mission-veterinary-partners,https://www.shorecp.com/a-platform-for-leadership-growth
Shore,"has a mantra it is great to learn from experience, but even better to learn from someone else’s experience. They view the firm as a learning organization. They want all their people to see everything, like a teaching hospital. Shining a light on high performers encourages others to see what success looks like.","Chief Executive Officer, Mission Veterinary Partners",Shore Capital Partners,https://www.shorecp.com/companies/mission-veterinary-partners,https://www.shorecp.com/a-platform-for-leadership-growth
Shore,"has a mantra it is great to learn from experience, but even better to learn from someone else’s experience. They view the firm as a learning organization. They want all their people to see everything, like a teaching hospital. Shining a light on high performers encourages others to see what success looks like.","Chief Executive Officer, Mission Veterinary Partners",Shore Capital Partners,https://www.shorecp.com/companies/mission-veterinary-partners,https://www.shorecp.com/a-platform-for-leadership-growth
Our,"people are our greatest asset. Shore University is one of the most visible, important, and rewarding investments we make in our people.",JUSTIN ISHBIA,Shore Capital Partners,,https://www.shorecp.com/a-platform-for-leadership-growth
Our,"people are our greatest asset. Shore University is one of the most visible, important, and rewarding investments we make in our people.",JUSTIN ISHBIA,Shore Capital Partners,,https://www.shorecp.com/a-platform-for-leadership-growth
Our,"people are our greatest asset. Shore University is one of the most visible, important, and rewarding investments we make in our people.",JUSTIN ISHBIA,Shore Capital Partners,,https://www.shorecp.com/a-platform-for-leadership-growth
Executive,Leadership Academy,"The Executive Leadership Academy (ELA) is our Super Bowl. It is an annual three-day event that brings Shore portfolio senior leaders together with operating partners, Shore team members, and prominent speakers to build relationships, share experiences, and collaborate across the Shore network. In 2023, 500+ team members came together to grow faster with less risk.",Shore Capital Partners,,https://www.shorecp.com/a-platform-for-leadership-growth
Executive,Leadership Academy,"The Executive Leadership Academy (ELA) is our Super Bowl. It is an annual three-day event that brings Shore portfolio senior leaders together with operating partners, Shore team members, and prominent speakers to build relationships, share experiences, and collaborate across the Shore network. In 2023, 500+ team members came together to grow faster with less risk.",Shore Capital Partners,,https://www.shorecp.com/a-platform-for-leadership-growth
Executive,Leadership Academy,"The Executive Leadership Academy (ELA) is our Super Bowl. It is an annual three-day event that brings Shore portfolio senior leaders together with operating partners, Shore team members, and prominent speakers to build relationships, share experiences, and collaborate across the Shore network. In 2023, 500+ team members came together to grow faster with less risk.",Shore Capital Partners,,https://www.shorecp.com/a-platform-for-leadership-growth
Executive,Leadership Academy,"The Executive Leadership Academy (ELA) is our Super Bowl. It is an annual three-day event that brings Shore portfolio senior leaders together with operating partners, Shore team members, and prominent speakers to build relationships, share experiences, and collaborate across the Shore network. In 2023, 500+ team members came together to grow faster with less risk.",Shore Capital Partners,,https://www.shorecp.com/a-platform-for-leadership-growth
Absorb,"real-world, expert knowledge",You’ll participate in interactive presentations that blend cutting-edge strategy with real-world applications. We focus on topics that will support the growth of our portfolio executives and their companies.,Shore Capital Partners,,https://www.shorecp.com/a-platform-for-leadership-growth
Absorb,"real-world, expert knowledge",You’ll participate in interactive presentations that blend cutting-edge strategy with real-world applications. We focus on topics that will support the growth of our portfolio executives and their companies.,Shore Capital Partners,,https://www.shorecp.com/a-platform-for-leadership-growth
Absorb,"real-world, expert knowledge",You’ll participate in interactive presentations that blend cutting-edge strategy with real-world applications. We focus on topics that will support the growth of our portfolio executives and their companies.,Shore Capital Partners,,https://www.shorecp.com/a-platform-for-leadership-growth
Absorb,"real-world, expert knowledge",You’ll participate in interactive presentations that blend cutting-edge strategy with real-world applications. We focus on topics that will support the growth of our portfolio executives and their companies.,Shore Capital Partners,,https://www.shorecp.com/a-platform-for-leadership-growth
Build,relationships with fellow leaders,We tailor your ELA experience to your own professional journey. You’ll expand your network while learning best practices from experienced leaders.,Shore Capital Partners,,https://www.shorecp.com/a-platform-for-leadership-growth
Build,relationships with fellow leaders,We tailor your ELA experience to your own professional journey. You’ll expand your network while learning best practices from experienced leaders.,Shore Capital Partners,,https://www.shorecp.com/a-platform-for-leadership-growth
Learn,from new peers and colleagues,"ELA hosts representatives from 50+ companies, spanning a wide variety of industries. You’ll have the opportunity to connect with other professionals and benefit from their experience.",Shore Capital Partners,,https://www.shorecp.com/a-platform-for-leadership-growth
Learn,from new peers and colleagues,"ELA hosts representatives from 50+ companies, spanning a wide variety of industries. You’ll have the opportunity to connect with other professionals and benefit from their experience.",Shore Capital Partners,,https://www.shorecp.com/a-platform-for-leadership-growth
The,concentration of knowledge and experience in one spot is so valuable and allows for rapid feedback on challenges from people who have been to the top of the mountain you’re trying to climb.,DAVID VEENSTRA,Shore Capital Partners,https://www.shorecp.com/companies/sweetmore-bakeries-realized,https://www.shorecp.com/a-platform-for-leadership-growth
The,concentration of knowledge and experience in one spot is so valuable and allows for rapid feedback on challenges from people who have been to the top of the mountain you’re trying to climb.,DAVID VEENSTRA,Shore Capital Partners,https://www.shorecp.com/companies/sweetmore-bakeries-realized,https://www.shorecp.com/a-platform-for-leadership-growth
The,concentration of knowledge and experience in one spot is so valuable and allows for rapid feedback on challenges from people who have been to the top of the mountain you’re trying to climb.,DAVID VEENSTRA,Shore Capital Partners,https://www.shorecp.com/companies/sweetmore-bakeries-realized,https://www.shorecp.com/a-platform-for-leadership-growth
The,concentration of knowledge and experience in one spot is so valuable and allows for rapid feedback on challenges from people who have been to the top of the mountain you’re trying to climb.,DAVID VEENSTRA,Shore Capital Partners,https://www.shorecp.com/companies/sweetmore-bakeries-realized,https://www.shorecp.com/a-platform-for-leadership-growth
The,concentration of knowledge and experience in one spot is so valuable and allows for rapid feedback on challenges from people who have been to the top of the mountain you’re trying to climb.,DAVID VEENSTRA,Shore Capital Partners,https://www.shorecp.com/companies/sweetmore-bakeries-realized,https://www.shorecp.com/a-platform-for-leadership-growth
The,concentration of knowledge and experience in one spot is so valuable and allows for rapid feedback on challenges from people who have been to the top of the mountain you’re trying to climb.,DAVID VEENSTRA,Shore Capital Partners,https://www.shorecp.com/companies/sweetmore-bakeries-realized,https://www.shorecp.com/a-platform-for-leadership-growth
The,concentration of knowledge and experience in one spot is so valuable and allows for rapid feedback on challenges from people who have been to the top of the mountain you’re trying to climb.,DAVID VEENSTRA,Shore Capital Partners,https://www.shorecp.com/companies/sweetmore-bakeries-realized,https://www.shorecp.com/a-platform-for-leadership-growth
Centers,of Excellence Cohorts,Shore’s COE Cohorts are a powerful professional development experience designed to give you and your fellow leaders hands-on experience in key disciplines. You’ll work in small groups with our COE leaders in each functional department to learn practical skills for your future growth. Cohorts meet virtually or in person 4-5 times per year to promote continual networking and idea sharing.,Shore Capital Partners,,https://www.shorecp.com/a-platform-for-leadership-growth
Centers,of Excellence Cohorts,Shore’s COE Cohorts are a powerful professional development experience designed to give you and your fellow leaders hands-on experience in key disciplines. You’ll work in small groups with our COE leaders in each functional department to learn practical skills for your future growth. Cohorts meet virtually or in person 4-5 times per year to promote continual networking and idea sharing.,Shore Capital Partners,,https://www.shorecp.com/a-platform-for-leadership-growth
Centers,of Excellence Cohorts,Shore’s COE Cohorts are a powerful professional development experience designed to give you and your fellow leaders hands-on experience in key disciplines. You’ll work in small groups with our COE leaders in each functional department to learn practical skills for your future growth. Cohorts meet virtually or in person 4-5 times per year to promote continual networking and idea sharing.,Shore Capital Partners,,https://www.shorecp.com/a-platform-for-leadership-growth
Centers,of Excellence Cohorts,Shore’s COE Cohorts are a powerful professional development experience designed to give you and your fellow leaders hands-on experience in key disciplines. You’ll work in small groups with our COE leaders in each functional department to learn practical skills for your future growth. Cohorts meet virtually or in person 4-5 times per year to promote continual networking and idea sharing.,Shore Capital Partners,,https://www.shorecp.com/a-platform-for-leadership-growth
Centers,of Excellence Cohorts,Shore’s COE Cohorts are a powerful professional development experience designed to give you and your fellow leaders hands-on experience in key disciplines. You’ll work in small groups with our COE leaders in each functional department to learn practical skills for your future growth. Cohorts meet virtually or in person 4-5 times per year to promote continual networking and idea sharing.,Shore Capital Partners,,https://www.shorecp.com/a-platform-for-leadership-growth
We,love developing our team and appreciate the initiative and resources you bring to the dance. There is lots of demand for this kind of thing and as we grow.,JIM ASHBY,Shore Capital Partners,https://www.shorecp.com/companies/community-care-partners,https://www.shorecp.com/a-platform-for-leadership-growth
We,love developing our team and appreciate the initiative and resources you bring to the dance. There is lots of demand for this kind of thing and as we grow.,JIM ASHBY,Shore Capital Partners,https://www.shorecp.com/companies/community-care-partners,https://www.shorecp.com/a-platform-for-leadership-growth
We,love developing our team and appreciate the initiative and resources you bring to the dance. There is lots of demand for this kind of thing and as we grow.,JIM ASHBY,Shore Capital Partners,https://www.shorecp.com/companies/community-care-partners,https://www.shorecp.com/a-platform-for-leadership-growth
We,love developing our team and appreciate the initiative and resources you bring to the dance. There is lots of demand for this kind of thing and as we grow.,JIM ASHBY,Shore Capital Partners,https://www.shorecp.com/companies/community-care-partners,https://www.shorecp.com/a-platform-for-leadership-growth
We,love developing our team and appreciate the initiative and resources you bring to the dance. There is lots of demand for this kind of thing and as we grow.,JIM ASHBY,Shore Capital Partners,https://www.shorecp.com/companies/community-care-partners,https://www.shorecp.com/a-platform-for-leadership-growth
We,love developing our team and appreciate the initiative and resources you bring to the dance. There is lots of demand for this kind of thing and as we grow.,JIM ASHBY,Shore Capital Partners,https://www.shorecp.com/companies/community-care-partners,https://www.shorecp.com/a-platform-for-leadership-growth
We,love developing our team and appreciate the initiative and resources you bring to the dance. There is lots of demand for this kind of thing and as we grow.,JIM ASHBY,Shore Capital Partners,https://www.shorecp.com/companies/community-care-partners,https://www.shorecp.com/a-platform-for-leadership-growth
Portfolio,Leadership Academy,The Shore Portfolio Leadership Academy is a 6-month “mini MBA” offered exclusively to our partners. This fast track program was created to give you the business and leadership skills to manage a rapidly growing company.,Shore Capital Partners,,https://www.shorecp.com/a-platform-for-leadership-growth
Portfolio,Leadership Academy,The Shore Portfolio Leadership Academy is a 6-month “mini MBA” offered exclusively to our partners. This fast track program was created to give you the business and leadership skills to manage a rapidly growing company.,Shore Capital Partners,,https://www.shorecp.com/a-platform-for-leadership-growth
Portfolio,Leadership Academy,The Shore Portfolio Leadership Academy is a 6-month “mini MBA” offered exclusively to our partners. This fast track program was created to give you the business and leadership skills to manage a rapidly growing company.,Shore Capital Partners,,https://www.shorecp.com/a-platform-for-leadership-growth
Portfolio,Leadership Academy,,Shore Capital Partners,,https://www.shorecp.com/a-platform-for-leadership-growth
Peak,Performer Program,"Led by Boris Groysberg, a global leader in organizational design and strategy, this exclusive leadership development program gives top-performing team members across the Shore portfolio the chance to network, learn from each other, and gain insights from real-world case studies.",Shore Capital Partners,,https://www.shorecp.com/a-platform-for-leadership-growth
Peak,Performer Program,"Led by Boris Groysberg, a global leader in organizational design and strategy, this exclusive leadership development program gives top-performing team members across the Shore portfolio the chance to network, learn from each other, and gain insights from real-world case studies.",Shore Capital Partners,,https://www.shorecp.com/a-platform-for-leadership-growth
Peak,Performer Program,"Led by Boris Groysberg, a global leader in organizational design and strategy, this exclusive leadership development program gives top-performing team members across the Shore portfolio the chance to network, learn from each other, and gain insights from real-world case studies.",Shore Capital Partners,,https://www.shorecp.com/a-platform-for-leadership-growth
Peak,Performer Program,"Led by Boris Groysberg, a global leader in organizational design and strategy, this exclusive leadership development program gives top-performing team members across the Shore portfolio the chance to network, learn from each other, and gain insights from real-world case studies.",Shore Capital Partners,,https://www.shorecp.com/a-platform-for-leadership-growth
Peak,Performer Program,"Led by Boris Groysberg, a global leader in organizational design and strategy, this exclusive leadership development program gives top-performing team members across the Shore portfolio the chance to network, learn from each other, and gain insights from real-world case studies.",Shore Capital Partners,,https://www.shorecp.com/a-platform-for-leadership-growth
Ready,to talk?,A conversation could be the start of something great.,Shore Capital Partners,https://www.shorecp.com/contact-us,https://www.shorecp.com/a-platform-for-leadership-growth
Ready,to talk?,A conversation could be the start of something great.,Shore Capital Partners,https://www.shorecp.com/contact-us,https://www.shorecp.com/a-platform-for-leadership-growth
Ready,to talk?,A conversation could be the start of something great.,Shore Capital Partners,https://www.shorecp.com/contact-us,https://www.shorecp.com/a-platform-for-leadership-growth
Ready,to talk?,A conversation could be the start of something great.,Shore Capital Partners,,https://www.shorecp.com/a-platform-for-leadership-growth
CONTACT,US,,Shore Capital Partners,https://www.shorecp.com/contact-us,https://www.shorecp.com/a-platform-for-leadership-growth
Waud,Capital Partners,Home,Waud Capital Partners,https://www.waudcapital.com/en/,https://www.waudcapital.com/en/team/
Waud,Capital Partners,Home,Waud Capital Partners,https://www.waudcapital.com/en/,https://www.waudcapital.com/en/team/
Waud,Capital Partners,Home,Waud Capital Partners,https://www.waudcapital.com/en/,https://www.waudcapital.com/en/team/
Waud,Capital Partners,Home,Waud Capital Partners,https://www.waudcapital.com/en/,https://www.waudcapital.com/en/team/
Waud,Capital Partners,,Waud Capital Partners,https://www.waudcapital.com/en/,https://www.waudcapital.com/en/team/
Site,search,Press enter to search,Waud Capital Partners,,https://www.waudcapital.com/en/team/
Site,search,Press enter to search,Waud Capital Partners,,https://www.waudcapital.com/en/team/
Press,enter to search,,Waud Capital Partners,,https://www.waudcapital.com/en/team/
Press,enter to search,,Waud Capital Partners,,https://www.waudcapital.com/en/team/
Press,enter to search,,Waud Capital Partners,,https://www.waudcapital.com/en/team/
Press,enter to search,,Waud Capital Partners,,https://www.waudcapital.com/en/team/
Press,enter to search,,Waud Capital Partners,,https://www.waudcapital.com/en/team/
Investor,Login,Site search,Waud Capital Partners,https://services.dataexchange.fiscloudservices.com/,https://www.waudcapital.com/en/team/
Investor,Login,,Waud Capital Partners,https://services.dataexchange.fiscloudservices.com/,https://www.waudcapital.com/en/team/
Site,search,,Waud Capital Partners,,https://www.waudcapital.com/en/team/
Site,search,,Waud Capital Partners,,https://www.waudcapital.com/en/team/
An,intro to the WCP team,Behind every investment decision is a team of talented and experienced professionals with an infectious energy for what they do.,Waud Capital Partners,https://www.waudcapital.com/en/life-at-wcp/,https://www.waudcapital.com/en/team/
An,intro to the WCP team,Behind every investment decision is a team of talented and experienced professionals with an infectious energy for what they do.,Waud Capital Partners,https://www.waudcapital.com/en/life-at-wcp/,https://www.waudcapital.com/en/team/
An,intro to the WCP team,Behind every investment decision is a team of talented and experienced professionals with an infectious energy for what they do.,Waud Capital Partners,https://www.waudcapital.com/en/life-at-wcp/,https://www.waudcapital.com/en/team/
An,intro to the WCP team,Behind every investment decision is a team of talented and experienced professionals with an infectious energy for what they do.,Waud Capital Partners,https://www.waudcapital.com/en/life-at-wcp/,https://www.waudcapital.com/en/team/
An,intro to the WCP team,Behind every investment decision is a team of talented and experienced professionals with an infectious energy for what they do.,Waud Capital Partners,https://www.waudcapital.com/en/life-at-wcp/,https://www.waudcapital.com/en/team/
An,intro to the WCP team,,Waud Capital Partners,,https://www.waudcapital.com/en/team/
Behind,every investment decision is a team of talented and experienced professionals with an infectious energy for what they do.,Life at WCP,Waud Capital Partners,https://www.waudcapital.com/en/life-at-wcp/,https://www.waudcapital.com/en/team/
Behind,every investment decision is a team of talented and experienced professionals with an infectious energy for what they do.,,Waud Capital Partners,,https://www.waudcapital.com/en/team/
Filter,content,,Waud Capital Partners,,https://www.waudcapital.com/en/team/
Sweta,Adhikari,"Director, Portfolio Operations - Office of the CFO",Waud Capital Partners,https://www.waudcapital.com/en/team/sweta-adhikari/,https://www.waudcapital.com/en/team/
Sweta,Adhikari,"Director, Portfolio Operations - Office of the CFO",Waud Capital Partners,https://www.waudcapital.com/en/team/sweta-adhikari/,https://www.waudcapital.com/en/team/
Matt,Albers,Partner - Capital Markets,Waud Capital Partners,https://www.waudcapital.com/en/team/matt-albers/,https://www.waudcapital.com/en/team/
Libby,Baker,Director - People Operations,Waud Capital Partners,https://www.waudcapital.com/en/team/libby-baker/,https://www.waudcapital.com/en/team/
Sam,Bennett,Vice President,Waud Capital Partners,https://www.waudcapital.com/en/team/sam-bennett/,https://www.waudcapital.com/en/team/
Josh,Ciolko,Analyst - Business Development,Waud Capital Partners,https://www.waudcapital.com/en/team/josh-ciolko/,https://www.waudcapital.com/en/team/
Matthew,Clary,"Partner, Co-Head of Software & Technology Group",Waud Capital Partners,https://www.waudcapital.com/en/team/matthew-clary/,https://www.waudcapital.com/en/team/
Jacob,Cooley,Associate,Waud Capital Partners,https://www.waudcapital.com/en/team/jacob-cooley/,https://www.waudcapital.com/en/team/
Tim,Cremieux,Partner,Waud Capital Partners,https://www.waudcapital.com/en/team/tim-cremieux/,https://www.waudcapital.com/en/team/
Mark,Dager,Senior Associate,Waud Capital Partners,https://www.waudcapital.com/en/team/mark-dager/,https://www.waudcapital.com/en/team/
Maureen,Dakalis,Administrative Assistant,Waud Capital Partners,https://www.waudcapital.com/en/team/maureen-dakalis/,https://www.waudcapital.com/en/team/
Sydni,Donovan,"Associate, Data Science - Human Capital",Waud Capital Partners,https://www.waudcapital.com/en/team/sydni-donovan/,https://www.waudcapital.com/en/team/
Justin,DuPere,"Partner, Co-Head of Software & Technology Group",Waud Capital Partners,https://www.waudcapital.com/en/team/justin-dupere/,https://www.waudcapital.com/en/team/
Kyle,Estes,Associate,Waud Capital Partners,https://www.waudcapital.com/en/team/kyle-estes/,https://www.waudcapital.com/en/team/
Scott,Fischer,Principal,Waud Capital Partners,https://www.waudcapital.com/en/team/scott-fischer/,https://www.waudcapital.com/en/team/
Mark,Flower,Chief Financial Officer and Chief Compliance Officer,Waud Capital Partners,https://www.waudcapital.com/en/team/mark-flower/,https://www.waudcapital.com/en/team/
Chris,Graber,"Partner, Head of Healthcare Group",Waud Capital Partners,https://www.waudcapital.com/en/team/chris-graber/,https://www.waudcapital.com/en/team/
Brett,Gryzik,Accounting Supervisor - Funds,Waud Capital Partners,https://www.waudcapital.com/en/team/brett-gryzik/,https://www.waudcapital.com/en/team/
Sultan,Haji,Senior Accounting Analyst - Firm,Waud Capital Partners,https://www.waudcapital.com/en/team/sultan-haji/,https://www.waudcapital.com/en/team/
Lauren,Hicks,Office Manager,Waud Capital Partners,https://www.waudcapital.com/en/team/lauren-hicks/,https://www.waudcapital.com/en/team/
Alice,Hurh,Principal - Human Capital,Waud Capital Partners,https://www.waudcapital.com/en/team/alice-hurh/,https://www.waudcapital.com/en/team/
James,Kayany,Corporate Accounting Manager,Waud Capital Partners,https://www.waudcapital.com/en/team/james-kayany/,https://www.waudcapital.com/en/team/
Steve,Klink,Controller,Waud Capital Partners,https://www.waudcapital.com/en/team/steve-klink/,https://www.waudcapital.com/en/team/
